{
	"axis_max" : 11.825083218514919,
	"axis_min" : -6.0686496943235397,
	"bounding_polygon" : 
	[
		[ 0.0, 1.3889840544624406, 2.7576925009991875 ],
		[ 0.0, -1.9892736634739729, 2.7576925009991875 ],
		[ 0.0, -1.9892736634739729, 1.4373701483390833 ],
		[ 0.0, 1.3889840544624406, 1.4373701483390833 ]
	],
	"class_name" : "SelectionPolygonVolume",
	"orthogonal_axis" : "X",
	"version_major" : 1,
	"version_minor" : 0
}