{
	"axis_max" : 6.7298225164413452,
	"axis_min" : -4.9381933212280273,
	"bounding_polygon" : 
	[
		[ -0.31673021452747196, 1.0672800611527293, 0.0 ],
		[ 1.6270912092039445, 1.0672800611527293, 0.0 ],
		[ 1.6270912092039445, -1.7317887587520184, 0.0 ],
		[ -0.31673021452747196, -1.7317887587520184, 0.0 ]
	],
	"class_name" : "SelectionPolygonVolume",
	"orthogonal_axis" : "Z",
	"version_major" : 1,
	"version_minor" : 0
}